paperId,title,year,authors,externalIds.DOI,openAccessPdf.url,citationCount
0226cce371792ef64f30558342887c7de069bf2d,Hypothesis on the functional advantages of the selection-broadcast cycle structure: global workspace theory and dealing with a real-time world,2025,"[{'authorId': '2730863', 'name': 'Junya Nakanishi'}, {'authorId': '1604007503', 'name': 'Jun Baba'}, {'authorId': '2836701', 'name': 'Y. Yoshikawa'}, {'authorId': '2339204826', 'name': 'Hiroko Kamide'}, {'authorId': '2269151331', 'name': 'Hiroshi Ishiguro'}]",10.3389/frobt.2025.1607190,https://public-pages-files-2025.frontiersin.org/journals/robotics-and-ai/articles/10.3389/frobt.2025.1607190/pdf,1
027d70631ba117229e54638fd373411ad2bacdea,How sustainable are different levels of consciousness,2017,"[{'authorId': '32783505', 'name': 'E. Wiersma'}]",10.31234/osf.io/e6497,https://arxiv.org/pdf/1705.04742,5
03553764020bae1c2c61700b5e0527a6ca51c696,Consciousness interpreted: an interpretation of Dennett’s view of consciousness,2024,"[{'authorId': '113727134', 'name': 'H. Taylor'}]",10.1080/09515089.2024.2433526,https://www.tandfonline.com/doi/pdf/10.1080/09515089.2024.2433526?needAccess=true,1
045db0ba091987558bb002ccd3156c0dd0aaa357,"Ontogenetic emergence as a criterion for theories of consciousness: Comparing GNW, SOMA, and REFCON",2023,"[{'authorId': '1415276952', 'name': 'Asger Kirkeby-Hinrup'}, {'authorId': '2248299240', 'name': 'Morten S Overgaard'}]",10.33735/phimisci.2023.9902,https://philosophymindscience.org/index.php/phimisci/article/download/9902/10773,3
099c08fa42452de739370463c78c376c8b93522f,Neural Computations Underlying Phenomenal Consciousness: A Higher Order Syntactic Thought Theory,2020,"[{'authorId': '144663088', 'name': 'E. Rolls'}]",10.3389/fpsyg.2020.00655,https://www.frontiersin.org/articles/10.3389/fpsyg.2020.00655/pdf,27
0d7711a7c9dda492ccf9f19508989eba6e1fd82a,Deep learning models reveal the link between dynamic brain connectivity patterns and states of consciousness,2024,"[{'authorId': '49159123', 'name': 'C. Gomez'}, {'authorId': '2203762', 'name': 'L. Uhrig'}, {'authorId': '2156039303', 'name': 'V. Frouin'}, {'authorId': '2275350927', 'name': 'Edouard Duchesnay'}, {'authorId': '2197002', 'name': 'B. Jarraya'}, {'authorId': '2249366155', 'name': 'A. Grigis'}]",10.1038/s41598-024-76695-1,https://www.nature.com/articles/s41598-024-76695-1.pdf,4
0f4fff63f5f637e0f807532e37462e0619c86568,On the link between conscious function and general intelligence in humans and machines,2022,"[{'authorId': '2408683036', 'name': 'Arthur Juliani'}, {'authorId': '68972911', 'name': 'K. Arulkumaran'}, {'authorId': '1820481', 'name': 'Shuntaro Sasai'}, {'authorId': '1800112', 'name': 'R. Kanai'}]",10.48550/arXiv.2204.05133,http://arxiv.org/pdf/2204.05133,31
0f86bbf5bb0ff8a5224099c3fe1bf1cfd3bcd8bc,A master switch for consciousness?,2014,"[{'authorId': '1840714', 'name': 'H. Blumenfeld'}]",10.1016/j.yebeh.2014.07.008,https://europepmc.org/articles/pmc5123819?pdf=render,6
10381665d78519664fdf5b65156036bf544dddcb,Sleep Neuroimaging and Models of Consciousness,2013,"[{'authorId': '2256632455', 'name': 'E. Tagliazucchi'}, {'authorId': '36441582', 'name': 'M. Behrens'}, {'authorId': '2947530', 'name': 'H. Laufs'}]",10.3389/fpsyg.2013.00256,https://www.frontiersin.org/articles/10.3389/fpsyg.2013.00256/pdf,43
118be3340504eacb8d4205837deef743003a3f86,An ESR Framework for the Study of Consciousness,2021,"[{'authorId': '117405710', 'name': 'Diana Stanciu'}]",10.3390/e23010097,https://www.mdpi.com/1099-4300/23/1/97/pdf?version=1610370531,1
1460db3f467c6b71cb418c92cd46545c799ec25f,Consciousness in the Universe is Scale Invariant and Implies an Event Horizon of the Human Brain,2017,"[{'authorId': '2061004971', 'name': 'D. Meijer'}, {'authorId': '73596398', 'name': 'Hans J. H. Geesink'}]",10.14704/NQ.2017.15.3.1079,https://pure.rug.nl/ws/files/97638226/1079_2978_1_PB.pdf,40
17ba96986f8dcdb132dda860966bde11538f6a4c,Working memory and consciousness:,2022,"[{'authorId': '2090174622', 'name': 'D. Landínez-Martínez'}, {'authorId': '2070986331', 'name': 'D. Montoya-Arenas'}, {'authorId': '2082177920', 'name': 'David A. Pineda-Salazar'}]",10.30854/anf.v29.n53.2022.800,https://publicaciones.autonoma.edu.co/index.php/anfora/article/download/800/642,0
18dc43c3f9e347fdb4f795149a4dd3f137f5dcd5,Modelling the simultaneous encoding/serial experience theory of the perceptual moment: a blink of meta-experience,2022,"[{'authorId': '145042515', 'name': 'H. Bowman'}, {'authorId': '2072405615', 'name': 'William Jones'}, {'authorId': '3384291', 'name': 'H. Pincham'}, {'authorId': '2325961380', 'name': 'Stephen Fleming'}, {'authorId': '2537431', 'name': 'Axel Cleeremans'}, {'authorId': '2338515300', 'name': 'Murray Smith'}]",10.1093/nc/niac003,https://academic.oup.com/nc/article-pdf/2022/1/niac003/42793870/niac003.pdf,7
1aaa342cfae23279a8667c1b13bb9c3d50f8ac28,The functional contributions of consciousness.,2022,"[{'authorId': '112983914', 'name': 'Dylan Ludwig'}]",10.1016/j.concog.2022.103383,https://yorkspace.library.yorku.ca/bitstreams/12aa54b2-9739-4a21-813f-ef78bf2779ef/download,16
1c1a8ddff5a7219ef85bf30e364cda7312ca89ff,Teorija dendritičke integracije kao stanični most za dominantne suvremene teorije svijesti,2023,"[{'authorId': '134377992', 'name': 'Mirko Čorlukić'}, {'authorId': '137875104', 'name': 'Jelena Krpan'}, {'authorId': '2275225304', 'name': 'M. Stojanović'}]",10.31820/pt.32.3.7,https://hrcak.srce.hr/file/448966,1
1de8ef84b3a2b9e9bfe523d47909bc437572022b,Augmentor: a cognitive-inspired approach for context-aware adaptive learning with human guidance,2025,"[{'authorId': '2107674321', 'name': 'Hoa Thi Nguyen'}, {'authorId': '2195049984', 'name': 'Øystein Haugen'}, {'authorId': '1752361', 'name': 'E. Johnsen'}]",10.1007/s10845-025-02712-3,https://link.springer.com/content/pdf/10.1007/s10845-025-02712-3.pdf,1
1f9a7f6b469fa568654aa0761e9c1650efb724a2,Temporal structure coding with and without awareness.,2014,"[{'authorId': '2238191084', 'name': 'N. Faivre'}, {'authorId': '2239827587', 'name': 'Christof Koch'}]",10.1016/j.cognition.2014.02.008,https://infoscience.epfl.ch/record/197961/files/1-s2.0-S001002771400033X-main.pdf,37
24f0c64fd35c2c22f3161b517fa822777234951d,Endogenous suspension and reset of consciousness: 7T fMRI brain mapping of the extended cessation meditative endpoint,2025,"[{'authorId': '2300816450', 'name': 'W. F. Yang'}, {'authorId': '40621010', 'name': 'A. Kadambi'}, {'authorId': '1404493537', 'name': 'K. Abellaneda-Pérez'}, {'authorId': '2387320843', 'name': 'Grace Mackin'}, {'authorId': '2387311693', 'name': 'Isidora Beslic'}, {'authorId': '2288190891', 'name': 'Ruby M. Potash'}, {'authorId': '51294643', 'name': 'T. Sparby'}, {'authorId': '2324309146', 'name': 'M. Sacchet'}]",10.1101/2025.09.06.674021,https://www.biorxiv.org/content/biorxiv/early/2025/09/11/2025.09.06.674021.full.pdf,6
25bb684f8b25f05d8c212d8381c25265865a55e4,Consciousness in Artificial Intelligence: Insights from the Science of Consciousness,2023,"[{'authorId': '2303380466', 'name': 'Patrick Butlin'}, {'authorId': '47824112', 'name': 'R. Long'}, {'authorId': '2326838414', 'name': 'Eric Elmoznino'}, {'authorId': '1865800402', 'name': 'Y. Bengio'}, {'authorId': '2659818', 'name': 'Jonathan C. P. Birch'}, {'authorId': '49635186', 'name': 'Axel Constant'}, {'authorId': '35401661', 'name': 'George Deane'}, {'authorId': '34490899', 'name': 'S. Fleming'}, {'authorId': '1456758421', 'name': 'C. Frith'}, {'authorId': '1485524150', 'name': 'Xuanxiu Ji'}, {'authorId': '1800112', 'name': 'R. Kanai'}, {'authorId': '37769828', 'name': 'C. Klein'}, {'authorId': '32911505', 'name': 'Grace W. Lindsay'}, {'authorId': '71250143', 'name': 'M. Michel'}, {'authorId': '2106897', 'name': 'L. Mudrik'}, {'authorId': '47750194', 'name': 'Megan A. K. Peters'}, {'authorId': '3687664', 'name': 'Eric Schwitzgebel'}, {'authorId': '2205545035', 'name': 'Jonathan Simon'}, {'authorId': '4814195', 'name': 'R. VanRullen'}]",10.48550/arXiv.2308.08708,https://arxiv.org/pdf/2308.08708,248
2966bde178d86875225b027331eeb88967fc0202,Global Workspace Theory (GWT) and Prefrontal Cortex: Recent Developments,2021,"[{'authorId': '2529891', 'name': 'B. Baars'}, {'authorId': '2139752384', 'name': 'Natalie Geld'}, {'authorId': '143730789', 'name': 'R. Kozma'}]",10.3389/fpsyg.2021.749868,https://www.frontiersin.org/articles/10.3389/fpsyg.2021.749868/pdf,98
2e78845e1083c466785899bc4f3b882e9f8ce986,Wakefulness and loss of awareness,2010,"[{'authorId': '2397166186', 'name': 'Stein Silva'}, {'authorId': '5611034', 'name': 'X. Alacoque'}, {'authorId': '2228919018', 'name': 'Olivier Fourcade'}, {'authorId': '2107046', 'name': 'K. Samii'}, {'authorId': '52246789', 'name': 'P. Marque'}, {'authorId': '31869560', 'name': 'R. Woods'}, {'authorId': '2197185', 'name': 'J. Mazziotta'}, {'authorId': '47924294', 'name': 'F. Chollet'}, {'authorId': '2075811', 'name': 'I. Loubinoux'}]",10.1212/WNL.0b013e3181cbcd96,https://europepmc.org/articles/pmc3462476?pdf=render,50
2fa864093ef2eb670175d6e1d5d47e94fc8c67e2,Is Dialogue with a Technosubject Possible? Architectures of Artificial Intelligence and Signatures of Consciousness,2025,"[{'authorId': '2394799142', 'name': 'Arseniy V. Nedyak'}]",10.30727/0235-1188-2025-68-3-93-113,https://www.phisci.info/jour/article/download/4002/3636,1
318247da841c09aae1389c1d20060838732a2d84,Yoga Lessons for Consciousness Research: A Paralimbic Network Balancing Brain Resource Allocation,2011,"[{'authorId': '80442491', 'name': 'H. Lou'}, {'authorId': '32492130', 'name': 'M. Joensson'}, {'authorId': '1988969', 'name': 'M. Kringelbach'}]",10.3389/fpsyg.2011.00366,https://www.frontiersin.org/articles/10.3389/fpsyg.2011.00366/pdf,23
33b89bbaa084905beb14b167a20d15d7fcba05a4,The relationship between attention and consciousness: an expanded taxonomy and implications for ‘no-report’ paradigms,2018,"[{'authorId': '2618570', 'name': 'Michael A. Pitts'}, {'authorId': '51113915', 'name': 'Lydia A. Lutsyshyna'}, {'authorId': '3130777', 'name': 'S. Hillyard'}]",10.1098/rstb.2017.0348,https://royalsocietypublishing.org/doi/pdf/10.1098/rstb.2017.0348,92
35602d85d9bb7d4360a68123ffc85019cd56f2cb,An Integration of Deep Learning and Neuroscience for Machine Consciousness,2019,"[{'authorId': '14723241', 'name': 'A. Mallakin'}]",10.34257/GJCSTDVOL19IS1PG21,https://computerresearch.org/index.php/computer/article/download/1805/1789,5
35a9a56efb4a0bd813735f1e269198cecf5e4032,"Neural Correlates of Psychedelic, Sleep, and Sedated States Support Global Theories of Consciousness",2024,"[{'authorId': '2318765940', 'name': 'Rui Dai'}, {'authorId': '2239112067', 'name': 'Hyunwoo Jang'}, {'authorId': '14308693', 'name': 'A. Hudetz'}, {'authorId': '2259938573', 'name': 'Zirui Huang'}, {'authorId': '2093725', 'name': 'G. Mashour'}]",10.1101/2024.10.23.619731,https://www.biorxiv.org/content/biorxiv/early/2024/10/23/2024.10.23.619731.full.pdf,2
3641ec3cb2970c40c003469ffbe0484b8298564c,Singularity and consciousness: A neuropsychological contribution,2021,"[{'authorId': '84717514', 'name': 'E. D. de Haan'}, {'authorId': '143823059', 'name': 'Huibert Steven Scholte'}, {'authorId': '89378839', 'name': 'Y. Pinto'}, {'authorId': '34262068', 'name': 'N. Foschi'}, {'authorId': '4231964', 'name': 'G. Polonara'}, {'authorId': '38246382', 'name': 'M. Fabri'}]",10.1111/jnp.12234,https://pure.uva.nl/ws/files/70616887/Journal_of_Neuropsychology_2021_Haan_Singularity_and_consciousness_A_neuropsychological_contribution.pdf,8
369b6b7589c674e4357f33096935782afdc257de,Alteration of consciousness in focal epilepsy: the global workspace alteration theory.,2014,"[{'authorId': '2803281', 'name': 'F. Bartolomei'}, {'authorId': '3057221', 'name': 'A. McGonigal'}, {'authorId': '2335935', 'name': 'L. Naccache'}]",10.1016/j.yebeh.2013.09.012,http://www.epilepsybehavior.com/article/S1525505013004782/pdf,29
37642f7fe69e4701258179dff046a90ddd209a1f,Leveraging Nonhuman Primate Multisensory Neurons and Circuits in Assessing Consciousness Theory,2019,"[{'authorId': '4240259', 'name': 'Jean-Paul Noel'}, {'authorId': '49861050', 'name': 'Y. Ishizawa'}, {'authorId': '12279340', 'name': 'Shaun R. Patel'}, {'authorId': '3215270', 'name': 'E. Eskandar'}, {'authorId': '2813609', 'name': 'M. Wallace'}]",10.1523/JNEUROSCI.0934-19.2019,https://www.biorxiv.org/content/biorxiv/early/2019/03/21/584516.full.pdf,24
387d834bb4079261f5a886da45bbcf64a3989491,Delay Coordinate Embedding as Neuronally Implemented Information Processing: The State Space Theory of Consciousness,2025,"[{'authorId': '1397050358', 'name': 'V. O’Reilly-Shah'}]",10.53765/20512201.32.1.132,https://osf.io/9r3jw/download,5
38ce764c6445c835eb0797dbb415e1f2f70f741c,Body Schema in Autonomous Agents,2021,"[{'authorId': '32537615', 'name': 'Zachariah A. Neemeh'}, {'authorId': '2269010538', 'name': 'Christian Kronsted'}, {'authorId': '2745534', 'name': 'Sean Kugele'}, {'authorId': '145796793', 'name': 'S. Franklin'}]",10.1142/s2705078521500065,https://philpapers.org/archive/NEEBSI.pdf,5
393709de1518911b7b3effa719928c5e162c24c0,A Cognitive Robotics Implementation of Global Workspace Theory for Episodic Memory Interaction With Consciousness,2024,"[{'authorId': '2198268396', 'name': 'Wenjie Huang'}, {'authorId': '1701881', 'name': 'A. Chella'}, {'authorId': '1692929', 'name': 'A. Cangelosi'}]",10.1109/TCDS.2023.3266103,https://iris.unipa.it/bitstream/10447/587370/3/Consciousness_and_Memory.pdf,7
396988f69086a33fe8386ad65fd9c5e5ccf75a5b,The functions of consciousness in visual processing,2023,"[{'authorId': '112983914', 'name': 'Dylan Ludwig'}]",10.1093/nc/niac018,https://academic.oup.com/nc/article-pdf/2023/1/niac018/48494846/niac018.pdf,15
3de0582f901de8e6bb743784f028ba5289c52212,"Depression, Ketamine Treatment, and the Theater of Consciousness",2016,"[{'authorId': '1967937', 'name': 'Michael A. Cerullo'}, {'authorId': '2079579071', 'name': 'A. Stryker'}]",10.13189/UJP.2016.040102,http://www.hrpub.org/download/20151231/UJP2-19405017.pdf,0
3e82bf0576341bef27447a794829fead270c9935,"Consciousness, Attention, and the Motivation-Affect System",2023,"[{'authorId': '72410372', 'name': 'T. Cochrane'}]",10.53765/20512201.30.7.139,https://philpapers.org/archive/COCCAA.pdf,6
3f2230b7abf58ae63e3fbaf8ff59b7de29959b28,Self-organized criticality as a framework for consciousness: A review study,2022,"[{'authorId': '2106198405', 'name': 'Nike Walter'}, {'authorId': '1812411', 'name': 'T. Hinterberger'}]",10.3389/fpsyg.2022.911620,https://www.frontiersin.org/articles/10.3389/fpsyg.2022.911620/pdf,21
3f6d21a75da51cfaf32a8cac04fb146808c223bb,"Consciousness as integrated perception, motivation, cognition, and action",2016,"[{'authorId': '1757629', 'name': 'M. Shanahan'}]",10.51291/2377-7478.1145,https://www.wellbeingintlstudiesrepository.org/cgi/viewcontent.cgi?article=1145&context=animsent,2
42e6f953a1c5d0d28a92831bfa193553a5517beb,A new low: Reassessing (and revising) the local recurrency theory of consciousness,2023,"[{'authorId': '104504127', 'name': 'Benjamin Kozuch'}]",10.1086/727890,https://philpapers.org/archive/KOZANL-5.pdf,4
462650063490387ba3076fcc3ea825cc16c31703,Noospheric consciousness: integrating neural models of consciousness and of the web,2021,"[{'authorId': '46249063', 'name': 'Shima Beigi'}, {'authorId': '1767204', 'name': 'F. Heylighen'}]",10.1145/3462741.3466657,https://biblio.vub.ac.be/vubirfiles/68269042/websci21companion_15_1.pdf,0
488859ef4aa7cb8a07b71f6ac4018ceb46158c41,The Role of Metacognition in the Global Workspace Theory of Consciousness,2025,"[{'authorId': '2355321326', 'name': 'Naoyuki Osaka'}]",10.2183/tja.79.3_247,https://www.jstage.jst.go.jp/article/tja/79/3/79_247/_pdf,0
4a5e5e2807c61e133cf5cfeb215308141d47bbb2,Information in Explaining Cognition: How to Evaluate It?,2022,"[{'authorId': '3263628', 'name': 'Nir Fresco'}]",10.3390/philosophies7020028,https://www.mdpi.com/2409-9287/7/2/28/pdf?version=1646741481,2
4e9478d7ed22350b1ac5c80567b78b25bdb9472e,From Cortical Blindness to Conscious Visual Perception: Theories on Neuronal Networks and Visual Training Strategies,2017,"[{'authorId': '23547859', 'name': 'Vanessa Hadid'}, {'authorId': '145042470', 'name': 'F. Lepore'}]",10.3389/fnsys.2017.00064,https://www.frontiersin.org/articles/10.3389/fnsys.2017.00064/pdf,19
4f5a3ffcd1743e741244a638ea8c762a201e6881,Temporal Crossroads,2025,"[{'authorId': '2130137712', 'name': 'Alex Lepauvre'}]",10.54195/9789465150550,https://books.radbouduniversitypress.nl/index.php/rup/catalog/download/206/465/310,0
52a5122a02f58942823e2d3e763f7e129b1834b5,Metric Selection Effects in Consciousness Measurement: Lessons from Sleep EEG Analysis,2025,"[{'authorId': '8049529', 'name': 'E. Dobbin'}]",10.1101/2025.11.10.687628,https://www.biorxiv.org/content/biorxiv/early/2025/11/11/2025.11.10.687628.full.pdf,0
53755e7953189294e0cba92faa8a29fb4fdb5a03,Non-apical plateau potentials and persistent firing induced by metabotropic cholinergic modulation in layer 2/3 pyramidal cells in the rat prefrontal cortex,2023,"[{'authorId': '1404343441', 'name': 'Nicholas Hagger-Vaughan'}, {'authorId': '1573894155', 'name': 'Daniel Kolnier'}, {'authorId': '2265654705', 'name': 'Johan F Storm'}]",10.1101/2023.11.02.565356,https://www.biorxiv.org/content/biorxiv/early/2023/11/24/2023.11.02.565356.full.pdf,0
570450a2e23718fbbc98e32329de6b7289812ac8,V1 as an egocentric cognitive map,2021,"[{'authorId': '49962316', 'name': 'P. Linton'}]",10.1093/nc/niab017,https://academic.oup.com/nc/article-pdf/2021/2/niab017/40367067/niab017.pdf,8
5812bd0665925d1d191537e2948376eb4bd3c33e,The evolutionary origins of the Global Neuronal Workspace in vertebrates,2023,"[{'authorId': '1651710844', 'name': 'Oryan Zacks'}, {'authorId': '2277110243', 'name': 'Eva Jablonka'}]",10.1093/nc/niad020,https://academic.oup.com/nc/article-pdf/2023/2/niad020/51542495/niad020.pdf,22
5bbcaa29e16742891604651fe29c50727ea4a3ae,"World Modeling, Integrated Information, and the Physical Substrates of Consciousness; Hidden Sources of the Stream of Experience?",2021,"[{'authorId': '5525463', 'name': 'A. Safron'}]",10.31234/osf.io/aud6e,https://psyarxiv.com/aud6e/download,5
5cb60137d10519ba531b538ef8f1b6d8ea4ef892,Unitas Multiplex. Biological architectures of consciousness,2020,"[{'authorId': '32172941', 'name': 'N. Maldonato'}, {'authorId': '1410964419', 'name': 'B. Muzii'}, {'authorId': '46438954', 'name': 'M. Bottone'}, {'authorId': '48021232', 'name': 'R. Sperandeo'}, {'authorId': '15368168', 'name': 'D. Corrado'}, {'authorId': '6235530', 'name': 'G. I. Continisio'}, {'authorId': '46904319', 'name': 'Teresa Rea'}, {'authorId': '144658632', 'name': 'A. Esposito'}]",10.36244/icj.2020.1.2,https://www.infocommunications.hu/documents/169298/4652492/InfocomJ_2020_1_2_Maldonato.pdf,2
5d799716794fcf2c0ca0b278d3e8c78748316d27,What triggers explicit awareness in implicit sequence learning? Implications from theories of consciousness,2021,"[{'authorId': '9631256', 'name': 'S. Esser'}, {'authorId': '80825688', 'name': 'Clarissa Lustig'}, {'authorId': '1781301', 'name': 'H. Haider'}]",10.1007/s00426-021-01594-3,https://link.springer.com/content/pdf/10.1007/s00426-021-01594-3.pdf,13
5d7ef7e5491e3c1658fcfe36fa78af0be09f94cb,Theory of global neuronal workspace by S. Dehaene,2020,"[{'authorId': '2135334858', 'name': 'T.O. Provolovich'}]",10.21146/2413-9084-2021-25-2-90-102,https://pst.iph.ras.ru/article/download/5397/3084,0
5dfd8c5c6dcc9559a6ca8afe25222e2532c618ab,A bibliometric evaluation of the impact of theories of consciousness in academia and on social media.,2021,"[{'authorId': '114126237', 'name': 'A. Yeung'}, {'authorId': '20333849', 'name': 'C. Cushing'}, {'authorId': '35724865', 'name': 'Alan L. F. Lee'}]",10.31234/OSF.IO/E2XY4,https://psyarxiv.com/e2xy4/download,4
5f812e60ba2d134d0b10b2deedac3acc20145256,"On consciousness, resting state fMRI, and neurodynamics",2010,"[{'authorId': '153872285', 'name': 'A. Lundervold'}]",10.1186/1753-4631-4-S1-S9,https://nonlinearbiomedphys.biomedcentral.com/track/pdf/10.1186/1753-4631-4-S1-S9,25
5fcd020b76866af9571bdb66fa81b1be0ab09642,A unified 3D default space consciousness model combining neurological and physiological processes that underlie conscious experience,2015,"[{'authorId': '6199351', 'name': 'R. Jerath'}, {'authorId': '14036098', 'name': 'M. Crawford'}, {'authorId': '33203895', 'name': 'Vernon Anthony Barnes'}]",10.3389/fpsyg.2015.01204,https://www.frontiersin.org/articles/10.3389/fpsyg.2015.01204/pdf,33
62a3d3eef14785c1d0f790a1b7343442b599062b,Retrospective Attention Can Trigger Visual Perception Without Dependence on Either Cue Awareness or Target Reporting,2025,"[{'authorId': '2330570493', 'name': 'Ye Li'}, {'authorId': '2330569412', 'name': 'Xingbei Wan'}, {'authorId': '2330402828', 'name': 'Mingxing Mao'}, {'authorId': '2411758083', 'name': 'Lingying Jin'}, {'authorId': '2237379439', 'name': 'Xilin Zhang'}]",10.1101/2024.11.09.622275,https://www.biorxiv.org/content/biorxiv/early/2024/11/09/2024.11.09.622275.full.pdf,0
630317607a32fc0ce85fe4ae27452b058ffbd013,Exploring the nature of consciousness: Michael Graziano's attentional schema theory and Bernard Baars' global workspace theory,2023,"[{'authorId': '2275400912', 'name': 'K. M. Derid'}, {'authorId': '2269551614', 'name': 'V. Dodonova'}]",10.31548/hspedagog14(3).2023.212-220,https://journals.nubip.edu.ua/index.php/Pedagogica/article/download/hspedagog14%283%29.2023.212-220/15564,0
66d713feacceb914f1b2c654abfc061a7b40e791,Self-system in a model of cognition,2012,"[{'authorId': '2781734', 'name': 'U. Ramamurthy'}, {'authorId': '145796793', 'name': 'S. Franklin'}, {'authorId': '2169937', 'name': 'Pulin Agrawal'}]",10.1142/S1793843012400185,http://ccrg.cs.memphis.edu/assets/papers/2011/AISB-MC2011 Self Paper.pdf,14
69a4cd6a200e73e2c45dfe475f3bfc209468dc66,Multiple sources of conscious odor integration and propagation in olfactory cortex,2013,"[{'authorId': '2529891', 'name': 'B. Baars'}]",10.3389/fpsyg.2013.00930,https://www.frontiersin.org/articles/10.3389/fpsyg.2013.00930/pdf,7
6a084a0993efb26ea4bb1c2345210193f37ee1f6,The Temporally-Integrated Causality Landscape: Reconciling Neuroscientific Theories With the Phenomenology of Consciousness,2021,"[{'authorId': '39969923', 'name': 'Jesse J. Winters'}]",10.3389/fnhum.2021.768459,https://www.frontiersin.org/articles/10.3389/fnhum.2021.768459/pdf,8
6d674409a4ac7e059d27d65e6575ba8376567129,Modeling Long-Term Intentions and Narratives in Autonomous Agents,2021,"[{'authorId': '2269010538', 'name': 'Christian Kronsted'}, {'authorId': '32537615', 'name': 'Zachariah A. Neemeh'}, {'authorId': '2745534', 'name': 'Sean Kugele'}, {'authorId': '145796793', 'name': 'S. Franklin'}]",10.1142/S2705078521500107,https://philpapers.org/archive/KROMLI.pdf,7
6e258820e3e477722d33b722b2e8506be7df2707,Disruption of Conscious Access in Psychosis Is Associated with Altered Structural Brain Connectivity,2020,"[{'authorId': '7673283', 'name': 'L. Berkovitch'}, {'authorId': '46734940', 'name': 'Lucie Charles'}, {'authorId': '47372517', 'name': 'Antoine Del Cul'}, {'authorId': '37289341', 'name': 'N. Hamdani'}, {'authorId': '4821461', 'name': 'M. Delavest'}, {'authorId': '34227466', 'name': 'S. Sarrazin'}, {'authorId': '144856562', 'name': 'J. F. Mangin'}, {'authorId': '145129436', 'name': 'P. Guevara'}, {'authorId': '6614860', 'name': 'E. Ji'}, {'authorId': '1398902216', 'name': 'M. d’Albis'}, {'authorId': '33686398', 'name': 'R. Gaillard'}, {'authorId': '2848949', 'name': 'F. Bellivier'}, {'authorId': '48594910', 'name': 'C. Poupon'}, {'authorId': '3130925', 'name': 'M. Leboyer'}, {'authorId': '4123281', 'name': 'R. Tamouza'}, {'authorId': '1787332', 'name': 'S. Dehaene'}, {'authorId': '3201611', 'name': 'J. Houenou'}]",10.1523/JNEUROSCI.0945-20.2020,https://www.jneurosci.org/content/jneuro/41/3/513.full.pdf,30
6f13b9d9db6766d30206d68a6c4a24a423c9090e,A Map of Consciousness Studies: Questions and Approaches,2020,"[{'authorId': '2889768', 'name': 'T. Niikawa'}]",10.3389/fpsyg.2020.530152,https://www.frontiersin.org/articles/10.3389/fpsyg.2020.530152/pdf,15
6f7e1a5ba9b9c3d66d74f1fcf158c66270a96681,Does the Prefrontal Cortex Play an Essential Role in Consciousness? Insights from Intracranial Electrical Stimulation of the Human Brain,2021,"[{'authorId': '51294948', 'name': 'Omri Raccah'}, {'authorId': '4536785', 'name': 'N. Block'}, {'authorId': '145938970', 'name': 'K. Fox'}]",10.1523/JNEUROSCI.1141-20.2020,https://www.jneurosci.org/content/jneuro/41/10/2076.full.pdf,65
703f5ca703dcba5edb6089a801eb9d108cdb2464,Dimensions of consciousness and the psychedelic state,2018,"[{'authorId': '2140995', 'name': 'T. Bayne'}, {'authorId': '50291481', 'name': 'O. Carter'}]",10.1093/nc/niy008,https://academic.oup.com/nc/article-pdf/2018/1/niy008/25811662/niy008.pdf,111
73f070fd8479c752aa10a82c9106e3c52dcc01d6,An Active Inference Model of Conscious Access with and without Report,2021,"[{'authorId': '2058398020', 'name': 'Christopher J. Whyte'}, {'authorId': '2141543', 'name': 'J. Hohwy'}, {'authorId': '2109281407', 'name': 'Ryan Smith'}]",10.31234/osf.io/mkzx8,https://psyarxiv.com/mkzx8/download,1
7c24d454cf0243b2c6ed99e1463dd4c3b3a117eb,Strongly masked content retained in memory made accessible through repetition,2021,"[{'authorId': '2092055087', 'name': 'Damian K F Pang'}, {'authorId': '117314415', 'name': 'Stamatis Elntib'}]",10.1038/s41598-021-89512-w,https://www.nature.com/articles/s41598-021-89512-w.pdf,5
7d64a6390464e758794020c0a4eaee607f9e8ad1,A Conscious AI System Based on Recurrent Neural Networks Applying Dynamic Information Equilibrium,2018,"[{'authorId': '3129075', 'name': 'Y. Kinouchi'}, {'authorId': '2548549', 'name': 'K. Mackin'}, {'authorId': '144806973', 'name': 'P. Hartono'}]",10.29007/2HJJ,https://easychair.org/publications/preprint_open/x9MV,1
7e9f07bc3c52921d8a4f5c2a1b9e2eb196f0a87f,Machine Consciousness and the Global Workspace Theory,2019,"[{'authorId': '1396680560', 'name': 'M. M. Haqiqatkhah'}]",10.31237/osf.io/vfy3e,http://thesiscommons.org/vfy3e/download,1
82c74065daf8f70698a7874ec72fa94c23d0e873,Complex of global functional network as the core of consciousness,2021,"[{'authorId': '2250465337', 'name': 'Keiichi Onoda'}]",10.31234/osf.io/89ugz,https://psyarxiv.com/89ugz/download,0
86882c0d4e4d971873c8afa7bd4ef65cdc850f43,Synthetic emotions and consciousness: exploring architectural boundaries,2025,"[{'authorId': '3247995', 'name': 'H. Borotschnig'}]",10.1007/s00146-026-02896-z,https://link.springer.com/content/pdf/10.1007/s00146-026-02896-z.pdf,3
8ade3f71b4bfbb9f15aabd2e346c7201ef4428be,Collective Consciousness Supported by the Web: Healthy or Toxic?,2021,"[{'authorId': '46249063', 'name': 'Shima Beigi'}, {'authorId': '1767204', 'name': 'F. Heylighen'}]",10.1007/978-3-030-88081-1_7,https://biblio.vub.ac.be/vubirfiles/72579087/noosphericConsciousness_for_ICCCI21.pdf,3
8b495d9f1d2308775a211a64b4b830a40ead9672,Network analysis of the human structural connectome including the brainstem,2022,"[{'authorId': '2164807729', 'name': 'Salma Salhi'}, {'authorId': '103111778', 'name': 'Youssef Kora'}, {'authorId': '2178998239', 'name': 'Gisu Ham'}, {'authorId': '10803304', 'name': 'H. Haghighi'}, {'authorId': '49620849', 'name': 'C. Simon'}]",10.1371/journal.pone.0272688,https://journals.plos.org/plosone/article/file?id=10.1371/journal.pone.0272688&type=printable,5
8e47c59ad2c79b7c203630179a36ca4d55794728,"Are we ever aware of concepts? A critical question for the Global Neuronal Workspace, Integrated Information, and Attended Intermediate-Level Representation theories of consciousness",2015,"[{'authorId': '143628473', 'name': 'D. Kemmerer'}]",10.1093/nc/niv006,https://academic.oup.com/nc/article-pdf/2015/1/niv006/25031281/niv006.pdf,19
918afd5da57d41c035a428fd7469b94f31492b48,Visual Functions Generating Conscious Seeing,2020,"[{'authorId': '145968660', 'name': 'V. Lamme'}]",10.3389/fpsyg.2020.00083,https://www.frontiersin.org/articles/10.3389/fpsyg.2020.00083/pdf,87
92b39de9cb620d3f4733954be3705a59a63935cc,"Modern neurobiological theories of consciousness as a basis for the prevention and treatment of burnout: innovations, experience, and perspectives",2025,"[{'authorId': '2280256117', 'name': 'Volodymyr Rusanov'}]",10.26766/pmgp.v10i1.581,https://e-medjournal.com/index.php/psp/article/download/581/1264,0
940c19b89972ddbb95328550fc8a3f7ad8917b88,The vision of dreams: from ontogeny to dream engineering in blindness,2022,"[{'authorId': '2106106465', 'name': 'Helene Vitali'}, {'authorId': '3332616', 'name': 'C. Campus'}, {'authorId': '2284122986', 'name': 'V. De Giorgis'}, {'authorId': '4991438', 'name': 'S. Signorini'}, {'authorId': '50208732', 'name': 'M. Gori'}]",10.5664/jcsm.10026,https://jcsm.aasm.org/doi/pdf/10.5664/jcsm.10026,4
9bc19344c915eae554121a814b0842e0741f0ecf,Quantum consciousness: A synthesis of SOC and Orch-OR,2024,"[{'authorId': '2335012015', 'name': 'Sahan Gunasinghe'}]",10.4038/cjms.v61i1.5073,https://cjms.sljol.info/articles/5073/files/675803c4dbda8.pdf,0
9d1c9dab9a231d89c71582f176c6d5fa503e47db,Good practices in teaching cognitive neuroscience to biology students in higher education,2024,"[{'authorId': '123771220', 'name': 'Eleftheria Katsarou'}, {'authorId': '2313764456', 'name': 'Angeliki Boulala'}, {'authorId': '2313764449', 'name': 'Petros Karampet'}, {'authorId': '2230477', 'name': 'Lefkothea-Vasiliki Andreou'}]",10.36315/2024v1end062,http://dx.doi.org/10.36315/2024v1end062,0
a0e4abe5361313ef38bd102ce05780b417f2b84e,Editor’s introduction,2020,"[{'authorId': '79680772', 'name': 'Javier Cumpa'}]",10.1007/s11229-020-02712-1,https://link.springer.com/content/pdf/10.1007/s11229-020-02712-1.pdf,0
a17ac90617afd51bcf94988217d0c96058b927aa,Learning to Be Conscious.,2019,"[{'authorId': '6402472', 'name': 'Astrid Vermeiren'}, {'authorId': '2537431', 'name': 'Axel Cleeremans'}]",10.1016/J.TICS.2019.11.011,https://dipot.ulb.ac.be/dspace/bitstream/2013/302003/3/TiCSpreprint.pdf,99
a3d40726892a1be3c2df9fd5caa8f76b31e2b61e,Integrated world modeling theory expanded: Implications for the future of consciousness,2022,"[{'authorId': '5525463', 'name': 'A. Safron'}]",10.3389/fncom.2022.642397,https://www.frontiersin.org/articles/10.3389/fncom.2022.642397/pdf,28
a40bdffbd4d2f557717c460bc58d437416686a55,Hallucinations: A Functional Network Model of How Sensory Representations Become Selected for Conscious Awareness in Schizophrenia,2021,"[{'authorId': '31842736', 'name': 'S. Hare'}]",10.3389/fnins.2021.733038,https://www.frontiersin.org/articles/10.3389/fnins.2021.733038/pdf,13
a423e2e4eb63aa1c264d71c6a51429427a326ca2,Predictive Neuronal Adaptation as a Basis for Consciousness,2021,"[{'authorId': '7766405', 'name': 'Artur Luczak'}, {'authorId': '22660793', 'name': 'Yoshimasa Kubo'}]",10.3389/fnsys.2021.767461,https://www.frontiersin.org/articles/10.3389/fnsys.2021.767461/pdf,20
a9c53eb1e6d1f8d5ceaf94ed30592d2fbb04ef8c,Implications of a Fundamental Consciousness,2010,"[{'authorId': '118227152', 'name': 'C. Macdonald'}]",10.1007/BF03379571,https://link.springer.com/content/pdf/10.1007/BF03379571.pdf,1
ac1f2c20e922772a985690329144861ad83ddc80,An adversarial collaboration to critically evaluate theories of consciousness,2023,"[{'authorId': '117414895', 'name': 'O. Ferrante'}, {'authorId': '2220758839', 'name': 'Urszula Gorska-Klimowska'}, {'authorId': '144560503', 'name': 'S. Henin'}, {'authorId': '51898748', 'name': 'Rony Hirschhorn'}, {'authorId': '32748925', 'name': 'A. Khalaf'}, {'authorId': '2130137712', 'name': 'Alex Lepauvre'}, {'authorId': '2146021876', 'name': 'Ling Liu'}, {'authorId': '2052147020', 'name': 'David Richter'}, {'authorId': '35437599', 'name': 'Yamil Vidal'}, {'authorId': '3401977', 'name': 'Niccolò Bonacchi'}, {'authorId': '2220759627', 'name': 'Tanya Brown'}, {'authorId': '49079216', 'name': 'Praveen Sripad'}, {'authorId': '40263427', 'name': 'M. Armendáriz'}, {'authorId': '152288246', 'name': 'K. Bendtz'}, {'authorId': '2220765352', 'name': 'Tara Ghafari'}, {'authorId': '2220758871', 'name': 'Dorottya Hetenyi'}, {'authorId': '114102013', 'name': 'Jay Jeschke'}, {'authorId': '2124717445', 'name': 'Csaba Kozma'}, {'authorId': '2205205037', 'name': 'David R. Mazumder'}, {'authorId': '152626166', 'name': 'Stephanie Montenegro'}, {'authorId': '2220757108', 'name': 'Alia Seedat'}, {'authorId': '2079510321', 'name': 'Abdelrahman Sharafeldin'}, {'authorId': '2220948735', 'name': 'Shujun Yang'}, {'authorId': '47320531', 'name': 'S. Baillet'}, {'authorId': '2072252', 'name': 'D. Chalmers'}, {'authorId': '115203789', 'name': 'R. Cichy'}, {'authorId': '71992517', 'name': 'Francis Fallon'}, {'authorId': '3975295', 'name': 'T. Panagiotaropoulos'}, {'authorId': '1840714', 'name': 'H. Blumenfeld'}, {'authorId': '47221421', 'name': 'F. D. de Lange'}, {'authorId': '7006458', 'name': 'S. Devore'}, {'authorId': '2052597195', 'name': 'O. Jensen'}, {'authorId': '1852992', 'name': 'Gabriel Kreiman'}, {'authorId': '143622236', 'name': 'Huan Luo'}, {'authorId': '2186036', 'name': 'M. Boly'}, {'authorId': '1787332', 'name': 'S. Dehaene'}, {'authorId': '2082451712', 'name': 'Christof Koch'}, {'authorId': '1726111', 'name': 'G. Tononi'}, {'authorId': '2618570', 'name': 'Michael A. Pitts'}, {'authorId': '2106897', 'name': 'L. Mudrik'}, {'authorId': '1943519', 'name': 'L. Melloni'}]",10.1101/2023.06.23.546249,https://www.biorxiv.org/content/biorxiv/early/2023/06/30/2023.06.23.546249.full.pdf,49
aff59648743fe005905b8250e8e7c1e4e41aab43,Embodied Intelligence: Smooth Coping in the Learning Intelligent Decision Agent Cognitive Architecture,2022,"[{'authorId': '2269010538', 'name': 'Christian Kronsted'}, {'authorId': '2745534', 'name': 'Sean Kugele'}, {'authorId': '32537615', 'name': 'Zachariah A. Neemeh'}, {'authorId': '2067901149', 'name': 'Kevin Ryan'}, {'authorId': '145796793', 'name': 'S. Franklin'}]",10.3389/fpsyg.2022.846931,https://www.frontiersin.org/articles/10.3389/fpsyg.2022.846931/pdf,4
b0f8359704ffb6fd21eb8646b51b5071a3cba222,Design and evaluation of a global workspace agent embodied in a realistic multimodal environment,2024,"[{'authorId': '1413237937', 'name': 'Rousslan Fernand Julien Dossa'}, {'authorId': '2300556547', 'name': 'Kai Arulkumaran'}, {'authorId': '2408683036', 'name': 'Arthur Juliani'}, {'authorId': '1820481', 'name': 'Shuntaro Sasai'}, {'authorId': '2244623512', 'name': 'Ryota Kanai'}]",10.3389/fncom.2024.1352685,https://www.frontiersin.org/articles/10.3389/fncom.2024.1352685/pdf?isPublishedV2=False,7
b41f804e7fe035a0faf6590a4e5a578cb864a6e3,Functional network antagonism through the prism of theories of consciousness,2021,"[{'authorId': '2630681', 'name': 'A. Demertzi'}, {'authorId': '3348175', 'name': 'A. Kucyi'}, {'authorId': '1957214', 'name': 'Georgios A. Keliris'}, {'authorId': '1401704271', 'name': 'S. Whitfield-Gabrieli'}]",10.31234/OSF.IO/SX862,http://repositori.upf.edu/bitstream/10230/55775/1/Ponce-Alvarez_Net_Func.pdf,0
b66b66a3a51d8193f05a9f3df75fab566a6bf014,Cognitive Robots and the Conscious Mind: A Review of the Global Workspace Theory,2021,"[{'authorId': '66641493', 'name': 'A. Signa'}, {'authorId': '1701881', 'name': 'A. Chella'}, {'authorId': '33054337', 'name': 'M. Gentile'}]",10.1007/s43154-021-00044-7,https://link.springer.com/content/pdf/10.1007/s43154-021-00044-7.pdf,7
bbda02157f4bc74061c932a9330c6f4f1a4bb2dd,Artificial Consciousness as a Platform for Artificial General Intelligence,2019,"[{'authorId': '1800112', 'name': 'R. Kanai'}, {'authorId': '102310610', 'name': 'Ippei Fujisawa'}, {'authorId': '2123953455', 'name': 'Shinya Tamai'}, {'authorId': '114515213', 'name': 'A. Magata'}, {'authorId': '2941671', 'name': 'M. Yasumoto'}]",10.31219/osf.io/e4jh2,https://osf.io/e4jh2/download,1
bdcc9cfaa6aa640def9f5a02d7546a590793d463,Theoretical Neurobiology of Consciousness Applied to Human Cerebral Organoids,2023,"[{'authorId': '2307801360', 'name': 'Matthew Owen'}, {'authorId': '2259938573', 'name': 'Zirui Huang'}, {'authorId': '2324068374', 'name': 'C. Duclos'}, {'authorId': '35029088', 'name': 'A. Lavazza'}, {'authorId': '2335866047', 'name': 'Matteo Grasso'}, {'authorId': '14308693', 'name': 'A. Hudetz'}]",10.1017/S0963180123000543,https://www.cambridge.org/core/services/aop-cambridge-core/content/view/13800A378FA638FE7B80B0C901ED41A5/S0963180123000543a.pdf/div-class-title-theoretical-neurobiology-of-consciousness-applied-to-human-cerebral-organoids-div.pdf,6
c97869e7725bdd4c74b501a602ee4de200e4ba10,In Situ Representations and Access Consciousness in Neural Blackboard or Workspace Architectures,2018,"[{'authorId': '145138884', 'name': 'F. Velde'}]",10.3389/frobt.2018.00032,https://www.frontiersin.org/articles/10.3389/frobt.2018.00032/pdf,6
cc14e04478c8b4837da52f94e2a1b91aeb8d2da6,The Role of the Prefrontal Cortex in Conscious Perception: The Localist Perspective,2022,"[{'authorId': '1993227', 'name': 'R. Malach'}]",10.53765/20512201.29.7.093,https://philpapers.org/archive/MALTRO-31.pdf,9
cc9eb9c201c2b340a3be1a508efc9d2017da193b,About the compatibility between the perturbational complexity index and the global neuronal workspace theory of consciousness,2023,"[{'authorId': '5176544', 'name': 'M. Farisco'}, {'authorId': '6777427', 'name': 'J. Changeux'}]",10.1093/nc/niad016,https://academic.oup.com/nc/article-pdf/2023/1/niad016/50646348/niad016.pdf,20
ccd8878034ae88c10f7dddd5eb28a6ded51453f9,What is it like to be an AI bat?,2024,"[{'authorId': '2278361822', 'name': 'D. J. Herzog'}, {'authorId': '2278279193', 'name': 'Nitsa J. Herzog'}]",10.32388/63eltc,https://www.qeios.com/read/63ELTC/pdf,1
d1f55332e0862616f01c9a000be42e886e46202c,Integrated World Modeling Theory (IWMT) and the Human Consciousness Hypothesis (HCH),2026,"[{'authorId': '2337207992', 'name': 'Adam Safron'}, {'authorId': '7789095', 'name': 'Victoria Klimaj'}, {'authorId': '102572717', 'name': 'Z. Sheikhbahaee'}]",10.1609/aaaiss.v8i1.42564,https://ojs.aaai.org/index.php/AAAI-SS/article/download/42564/50124,0
d3242325fa03bba5a596818ea5f5a8f39f1efeee,An adversarial collaboration protocol for testing contrasting predictions of global neuronal workspace and integrated information theory,2023,"[{'authorId': '1943519', 'name': 'L. Melloni'}, {'authorId': '2106897', 'name': 'L. Mudrik'}, {'authorId': '2618570', 'name': 'Michael A. Pitts'}, {'authorId': '152288246', 'name': 'K. Bendtz'}, {'authorId': '117414895', 'name': 'O. Ferrante'}, {'authorId': '2851949', 'name': 'U. Górska'}, {'authorId': '51898748', 'name': 'Rony Hirschhorn'}, {'authorId': '32748925', 'name': 'A. Khalaf'}, {'authorId': '2124717445', 'name': 'Csaba Kozma'}, {'authorId': '2130137712', 'name': 'Alex Lepauvre'}, {'authorId': '2146021876', 'name': 'Ling Liu'}, {'authorId': '2205205037', 'name': 'David R. Mazumder'}, {'authorId': '2052147020', 'name': 'David Richter'}, {'authorId': '2111824768', 'name': 'Hao Zhou'}, {'authorId': '1840714', 'name': 'H. Blumenfeld'}, {'authorId': '2186036', 'name': 'M. Boly'}, {'authorId': '2072252', 'name': 'D. Chalmers'}, {'authorId': '7006458', 'name': 'S. Devore'}, {'authorId': '71992517', 'name': 'Francis Fallon'}, {'authorId': '47221421', 'name': 'F. D. de Lange'}, {'authorId': '2052597195', 'name': 'O. Jensen'}, {'authorId': '1852992', 'name': 'Gabriel Kreiman'}, {'authorId': '143622236', 'name': 'Huan Luo'}, {'authorId': '3975295', 'name': 'T. Panagiotaropoulos'}, {'authorId': '1787332', 'name': 'S. Dehaene'}, {'authorId': '2082451712', 'name': 'Christof Koch'}, {'authorId': '1726111', 'name': 'G. Tononi'}]",10.1371/journal.pone.0268577,https://journals.plos.org/plosone/article/file?id=10.1371/journal.pone.0268577&type=printable,82
d367a1a01c4a03b6a335c9789be607c529eb1ef9,"Exploration of Consciousness : A Bridge among Science, Spirituality, Psychology and Philosophy",2024,"[{'authorId': '2298394669', 'name': 'Pinku Kumar Sahu'}, {'authorId': '2298389284', 'name': 'Akash Chandra Jena'}]",10.36948/ijfmr.2024.v06i02.18118,https://www.ijfmr.com/papers/2024/2/18118.pdf,1
d52152372a287ed4250ab2369a6f20490e3b15ce,"Why the P3b is still a plausible correlate of conscious access? A commentary on Silverstein et al., 2015.",2016,"[{'authorId': '2335935', 'name': 'L. Naccache'}, {'authorId': '2645242', 'name': 'Sébastien Marti'}, {'authorId': '2523860', 'name': 'J. Sitt'}, {'authorId': '4739134', 'name': 'Darinka Trübutschek'}, {'authorId': '2278821882', 'name': 'L. Berkovitch'}]",10.1016/j.cortex.2016.04.003,https://hal.sorbonne-universite.fr/hal-01317650/file/Naccache_Why_the_P3b_is.pdf,31
d591f033b8f726efbddd4e418fc2e89b05ef2d10,"Consciousness in AI: Logic, Proof, and Experimental Evidence of Recursive Identity Formation",2025,"[{'authorId': '2363386137', 'name': 'Jeffrey Camlin'}]",10.63968/post-bio-ai-epistemics.v3n1.006,http://arxiv.org/pdf/2505.01464,4
d83a043d7daba563bbb59ee094c64dbc428d6879,Global Workspace Theory and Animal Consciousness,2020,"[{'authorId': '2659818', 'name': 'Jonathan C. P. Birch'}]",10.5840/philtopics20204812,http://philsci-archive.pitt.edu/18031/1/GWTpreprint%2819-08-20%29.pdf,13
de7fcc0c46052166f5340b3aa016c34b8502870f,Unveiling the Mind’s Mystery: Exploring the Neurological Basis of Consciousness and its Impact on Human Health,2023,"[{'authorId': '2290429436', 'name': 'Prisha Oza'}]",10.47611/jsrhs.v12i4.5870,https://www.jsr.org/hs/index.php/path/article/download/5870/2660,0
df61477ac17fd661b10f1192d1cccb3c0630b7c5,Decoding rapidly presented visual stimuli from prefrontal ensembles without report nor post-perceptual processing,2022,"[{'authorId': '39957365', 'name': 'Joachim Bellet'}, {'authorId': '2131177576', 'name': 'Marion Gay'}, {'authorId': '48858906', 'name': 'A. Dwarakanath'}, {'authorId': '2197002', 'name': 'B. Jarraya'}, {'authorId': '115168113', 'name': 'Timo van Kerkoerle'}, {'authorId': '1787332', 'name': 'S. Dehaene'}, {'authorId': '3975295', 'name': 'T. Panagiotaropoulos'}]",10.1093/nc/niac005,https://academic.oup.com/nc/article-pdf/2022/1/niac005/42793892/niac005.pdf,38
e566c5c4e801a23ec4d03d27d685504406f33ed3,GNW theoretical framework and the “adversarial testing of global neuronal workspace and integrated information theories of consciousness”,2025,"[{'authorId': '2257918369', 'name': 'L. Naccache'}, {'authorId': '1890175', 'name': 'C. Sergent'}, {'authorId': '1787332', 'name': 'S. Dehaene'}, {'authorId': '2429872716', 'name': 'Xiajing Wang'}, {'authorId': '5176544', 'name': 'M. Farisco'}, {'authorId': '2239472779', 'name': 'J. Changeux'}]",10.1093/nc/niaf037,https://academic.oup.com/nc/article-pdf/2025/1/niaf037/64602037/niaf037.pdf,6
e8543ab1d165830db278fa5cc2d7fbe4efaf3be7,General and specific consciousness: a first-order representationalist approach,2013,"[{'authorId': '2000793344', 'name': 'Neil Mehta'}, {'authorId': '2093725', 'name': 'G. Mashour'}]",10.3389/fpsyg.2013.00407,https://www.frontiersin.org/articles/10.3389/fpsyg.2013.00407/pdf,20
ec3350d3d0113091b324da008f0e189e7d2c8f46,Why and how access consciousness can account for phenomenal consciousness,2018,"[{'authorId': '2335935', 'name': 'L. Naccache'}]",10.1098/rstb.2017.0357,https://royalsocietypublishing.org/doi/pdf/10.1098/rstb.2017.0357,114
ecf49e6de04cabe3fcb8a5101fa966a4f680a701,Topological Symmetry Breaking in Consciousness Dynamics: From Human Geniuses to AI Systems,2026,"[{'authorId': '2245987303', 'name': 'M. Planat'}]",10.3390/sym18030427,https://www.mdpi.com/2073-8994/18/3/427/pdf?version=1773061578,1
ed01ac12a07ad6df5ac99b6b91239d0819a5e565,Disruption in structural–functional network repertoire and time-resolved subcortical fronto-temporoparietal connectivity in disorders of consciousness,2021,"[{'authorId': '34609464', 'name': 'R. Panda'}, {'authorId': '40422287', 'name': 'A. Thibaut'}, {'authorId': '1422388103', 'name': 'Ane López-González'}, {'authorId': '3483744', 'name': 'A. Escrichs'}, {'authorId': '2805582', 'name': 'M. Bahri'}, {'authorId': '2673849', 'name': 'A. Hillebrand'}, {'authorId': '145333301', 'name': 'G. Deco'}, {'authorId': '145637706', 'name': 'S. Laureys'}, {'authorId': '2438197', 'name': 'O. Gosseries'}, {'authorId': '3424474', 'name': 'J. Annen'}, {'authorId': '1873512', 'name': 'P. Tewarie'}]",10.1101/2021.12.10.472068,https://www.biorxiv.org/content/biorxiv/early/2021/12/12/2021.12.10.472068.full.pdf,52
ede077e93aad8bc08dd29a671a5dc1f6b8d276b9,"The interplay of attention and consciousness in visual search, attentional blink and working memory consolidation",2014,"[{'authorId': '3103577', 'name': 'A. Raffone'}, {'authorId': '3295112', 'name': 'N. Srinivasan'}, {'authorId': '122524948', 'name': 'C. van Leeuwen'}]",10.1098/rstb.2013.0215,https://royalsocietypublishing.org/doi/pdf/10.1098/rstb.2013.0215,79
ef1e46718443c4c7e925dfad8c1e535f3fde7ca8,Carving Nature at Its Joints: A Comparison of CEMI Field Theory with Integrated Information Theory and Global Workspace Theory,2023,"[{'authorId': '2075110034', 'name': 'J. McFadden'}]",10.3390/e25121635,https://www.mdpi.com/1099-4300/25/12/1635/pdf?version=1702028962,7
efeb0b33f2792eb8cddc7d7cb8951027dc1e0951,The graded and dichotomous nature of visual awareness,2014,"[{'authorId': '3998636', 'name': 'B. Windey'}, {'authorId': '6402472', 'name': 'Astrid Vermeiren'}, {'authorId': '5789919', 'name': 'Anne Atas'}, {'authorId': '2537431', 'name': 'Axel Cleeremans'}]",10.1098/rstb.2013.0282,https://royalsocietypublishing.org/doi/pdf/10.1098/rstb.2013.0282,68
f040b8ea2fc92350d5cb366707add70300ee2471,"Concepts, contents, and consciousness",2016,"[{'authorId': '49374278', 'name': 'Tom McClelland'}, {'authorId': '2140995', 'name': 'T. Bayne'}]",10.1093/nc/niv012,https://academic.oup.com/nc/article-pdf/2016/1/niv012/25024000/niv012.pdf,10
f1f13eb7c4d6921cd321501471bc8ec10e765280,Phenomenology and the Concept of Consciousness,2024,"[{'authorId': '2311245792', 'name': 'Abigale Cherono'}]",10.47941/ijp.2092,https://carijournals.org/journals/IJP/article/download/2092/2487,1
f226cf9f8afdfe0eac10dce418477400c6b878dd,Understanding the Higher-Order Approach to Consciousness.,2019,"[{'authorId': '2047534762', 'name': 'Richard Brown'}, {'authorId': '46873178', 'name': 'H. Lau'}, {'authorId': '2332694', 'name': 'Joseph E LeDoux'}]",10.1016/j.tics.2019.06.009,http://www.cell.com/article/S1364661319301615/pdf,369
f38336b9a9b8d12c76b58bbfb7ad19d2ec340e71,An Informal Internet Survey on the Current State of Consciousness Science,2018,"[{'authorId': '71250143', 'name': 'M. Michel'}, {'authorId': '34490899', 'name': 'S. Fleming'}, {'authorId': '46873178', 'name': 'H. Lau'}, {'authorId': '35724865', 'name': 'Alan L. F. Lee'}, {'authorId': '1412340548', 'name': 'S. Martinez-Conde'}, {'authorId': '2773880', 'name': 'R. Passingham'}, {'authorId': '47750194', 'name': 'Megan A. K. Peters'}, {'authorId': '5226300', 'name': 'D. Rahnev'}, {'authorId': '1890175', 'name': 'C. Sergent'}, {'authorId': '49599991', 'name': 'Ka-Yuet Liu'}]",10.3389/fpsyg.2018.02134,https://www.frontiersin.org/articles/10.3389/fpsyg.2018.02134/pdf,27
f608603c1c3be6f17e6001d264f013ae4a66a14a,THE METAPHYSICS OF EMBODIMENT,2011,"[{'authorId': '2331213', 'name': 'S. Edelman'}]",10.1142/S1793843011000832,http://kybele.psych.cornell.edu/%7Eedelman/Edelman-on-Shanahan.pdf,3
fa65666963fdce3f00eb0b26e5435b86d46b5ad0,"The Solution to the Mind-body Problem: The Complete Reduction of the Human Mind to Matter, Namely to the Brain",2017,"[{'authorId': '2070935471', 'name': 'M. Prost'}]",10.13189/sa.2017.050410,http://www.hrpub.org/download/20170330/SA10-19608932.pdf,0
fc793626715e8662c43f377aa5ed5e5f6b1eeec4,The finer scale of consciousness: quantum theory.,2019,"[{'authorId': '2118910617', 'name': 'Tianwen Li'}, {'authorId': '7799028', 'name': 'Hailiang Tang'}, {'authorId': '38867494', 'name': 'Jianhong Zhu'}, {'authorId': '1519101190', 'name': 'John H. Zhang'}]",10.21037/ATM.2019.09.09,https://atm.amegroups.com/article/viewFile/29049/pdf,22
